{
    "cs-en-----./lordii_ckpt/cs-en/LoRD-II336256cs-en64__hyper-para-search_ckpt___period5": {
        "bleu": {
            "1": 0.00015319452012949644,
            "2": 0.0,
            "3": 0.0,
            "4": 0.0
        },
        "bertscore": {
            "p": 0.9317170977592468,
            "r": 0.8088542222976685,
            "f1": 0.865009069442749
        },
        "rouge-l": {
            "p": 0.88,
            "r": 0.07541975227410604,
            "f1": 0.13256355766956218
        }
    },
    "cs-en-----./lord-IV_ckpt/cs-en/LoRD-IV1003256cs-en64__long_stage_style_ckpt___period2": {
        "bleu": {
            "1": 0.04351020949386707,
            "2": 0.007814536487901117,
            "3": 0.0,
            "4": 0.0
        },
        "bertscore": {
            "p": 0.7916164994239807,
            "r": 0.8330056667327881,
            "f1": 0.8108768463134766
        },
        "rouge-l": {
            "p": 0.20837741670094612,
            "r": 0.09534738810343459,
            "f1": 0.11228535223416233
        }
    }
}