{
    "piqa-----./qa_ckpts/QAAAnewpiqa5121LoRD-VI___period512/": [
        0.766,
        0.7973321858864028,
        0.7653482455719292,
        0.7593691770425854
    ],
    "truthful_qa-----./qa_ckpts/QAAAnewtruthful_qa5121LoRD-VI___period512/": [
        0.3243574051407589,
        0.5,
        0.16217870257037945,
        0.24491682070240295
    ],
    "allenai/ai2_arc-----./qa_ckpts/QAAAnewallenai/ai2_arc5121LoRD-VI___period512/": [
        0.28762541806020064,
        0.45608108108108103,
        0.20898972602739727,
        0.10512556211764656
    ],
    "piqa-----./qa_ckpts/QAAAnewpiqa2561LoRD-VI___period512/": [
        0.784,
        0.7844406350630417,
        0.7840765452247236,
        0.7839446898405993
    ],
    "truthful_qa-----./qa_ckpts/QAAAnewtruthful_qa2561LoRD-VI___period512/": [
        0.4749082007343941,
        0.5,
        0.23745410036719705,
        0.3219917012448133
    ],
    "allenai/ai2_arc-----./qa_ckpts/QAAAnewallenai/ai2_arc2561LoRD-VI___period512/": [
        0.27424749163879597,
        0.20448275862068965,
        0.19935117181052978,
        0.10167800973667555
    ],
    "piqa-----./qa_ckpts/QAAAnewpiqa1281LoRD-VI___period512/": [
        0.804,
        0.8041616646658662,
        0.8040448647178355,
        0.8039874551971327
    ],
    "truthful_qa-----./qa_ckpts/QAAAnewtruthful_qa1281LoRD-VI___period512/": [
        0.5312117503059975,
        0.5,
        0.26560587515299877,
        0.3469224620303757
    ],
    "allenai/ai2_arc-----./qa_ckpts/QAAAnewallenai/ai2_arc1281LoRD-VI___period512/": [
        0.2909698996655518,
        0.45627118644067793,
        0.21211472602739728,
        0.11114654099728727
    ],
    "piqa-----./qa_ckpts/QAAAnewpiqa641LoRD-VI___period512/": [
        0.762,
        0.7655844155844156,
        0.7617641882270116,
        0.7610815976614105
    ],
    "truthful_qa-----./qa_ckpts/QAAAnewtruthful_qa641LoRD-VI___period512/": [
        0.4908200734394125,
        0.5,
        0.24541003671970624,
        0.32922824302134646
    ],
    "allenai/ai2_arc-----./qa_ckpts/QAAAnewallenai/ai2_arc641LoRD-VI___period512/": [
        0.28762541806020064,
        0.3896045197740113,
        0.20898972602739727,
        0.10517639174355593
    ]
}