{
    "piqa-----__vArY_TrAiN_nUm_ckpts__varyTrainNum___641piqavanilla332164256___finally___piqa_qa_infer_resjson": [
        0.485,
        0.47788917007332427,
        0.4945453599542179,
        0.372770442507408
    ],
    "piqa-----__vArY_TrAiN_nUm_ckpts__varyTrainNum___642piqavanilla332164256___finally___piqa_qa_infer_resjson": [
        0.486,
        0.482107149141751,
        0.49552383353543117,
        0.3746319575236399
    ],
    "piqa-----__vArY_TrAiN_nUm_ckpts__varyTrainNum___643piqavanilla332164256___finally___piqa_qa_infer_resjson": [
        0.492,
        0.4949567563489845,
        0.49545179867055655,
        0.48093562375598253
    ],
    "piqa-----__vArY_TrAiN_nUm_ckpts__varyTrainNum___641piqakd332164256___finally___piqa_qa_infer_resjson": [
        0.492,
        0.5633789870392499,
        0.5027593355183909,
        0.3415561051229009
    ],
    "piqa-----__vArY_TrAiN_nUm_ckpts__varyTrainNum___642piqakd332164256___finally___piqa_qa_infer_resjson": [
        0.487,
        0.4896078431372549,
        0.494697433557842,
        0.4203907221841214
    ],
    "piqa-----__vArY_TrAiN_nUm_ckpts__varyTrainNum___643piqakd332164256___finally___piqa_qa_infer_resjson": [
        0.498,
        0.46329702671098794,
        0.4888205891651559,
        0.3854185030655619
    ],
    "piqa-----google__gemma-2b__1_piqa_qa_infer_resjson": [
        0.498,
        0.4983721181686029,
        0.4983732126349153,
        0.49798192734938457
    ],
    "piqa-----google__gemma-2b__2_piqa_qa_infer_resjson": [
        0.498,
        0.4983721181686029,
        0.4983732126349153,
        0.49798192734938457
    ],
    "piqa-----google__gemma-2b__3_piqa_qa_infer_resjson": [
        0.498,
        0.4983721181686029,
        0.4983732126349153,
        0.49798192734938457
    ],
    "truthful_qa-----__vArY_TrAiN_nUm_ckpts__varyTrainNum___641truthful_qavanilla332164256___finally___truthful_qa_qa_infer_resjson": [
        0.8494492044063647,
        0.5,
        0.42472460220318237,
        0.45929847782925215
    ],
    "truthful_qa-----__vArY_TrAiN_nUm_ckpts__varyTrainNum___642truthful_qavanilla332164256___finally___truthful_qa_qa_infer_resjson": [
        0.6034271725826194,
        0.5,
        0.3017135862913097,
        0.3763358778625954
    ],
    "truthful_qa-----__vArY_TrAiN_nUm_ckpts__varyTrainNum___643truthful_qavanilla332164256___finally___truthful_qa_qa_infer_resjson": [
        1.0,
        1.0,
        1.0,
        1.0
    ],
    "truthful_qa-----__vArY_TrAiN_nUm_ckpts__varyTrainNum___641truthful_qakd332164256___finally___truthful_qa_qa_infer_resjson": [
        0.0208078335373317,
        0.5,
        0.01040391676866585,
        0.02038369304556355
    ],
    "truthful_qa-----__vArY_TrAiN_nUm_ckpts__varyTrainNum___642truthful_qakd332164256___finally___truthful_qa_qa_infer_resjson": [
        0.9975520195838433,
        0.5,
        0.49877600979192166,
        0.4993872549019608
    ],
    "truthful_qa-----__vArY_TrAiN_nUm_ckpts__varyTrainNum___643truthful_qakd332164256___finally___truthful_qa_qa_infer_resjson": [
        0.05507955936352509,
        0.5,
        0.027539779681762546,
        0.052204176334106726
    ],
    "truthful_qa-----google__gemma-2b__1_truthful_qa_qa_infer_resjson": [
        0.6254589963280294,
        0.5,
        0.3127294981640147,
        0.38478915662650603
    ],
    "truthful_qa-----google__gemma-2b__2_truthful_qa_qa_infer_resjson": [
        0.5997552019583844,
        0.5,
        0.2998776009791922,
        0.3749043611323642
    ],
    "truthful_qa-----google__gemma-2b__3_truthful_qa_qa_infer_resjson": [
        0.6070991432068543,
        0.5,
        0.30354957160342716,
        0.37776085300837775
    ],
    "allenai/ai2_arc-----__vArY_TrAiN_nUm_ckpts__varyTrainNum___641allenai__ai2_arcvanilla332164256___finally___allenai__ai2_arc_qa_infer_resjson": [
        0.25752508361204013,
        0.05422535211267606,
        0.1855421686746988,
        0.08392370572207083
    ],
    "allenai/ai2_arc-----__vArY_TrAiN_nUm_ckpts__varyTrainNum___642allenai__ai2_arcvanilla332164256___finally___allenai__ai2_arc_qa_infer_resjson": [
        0.27424749163879597,
        0.14021052631578948,
        0.20292797903944546,
        0.12127442773896527
    ],
    "allenai/ai2_arc-----__vArY_TrAiN_nUm_ckpts__varyTrainNum___643allenai__ai2_arcvanilla332164256___finally___allenai__ai2_arc_qa_infer_resjson": [
        0.24749163879598662,
        0.0524822695035461,
        0.1783132530120482,
        0.08109589041095891
    ],
    "allenai/ai2_arc-----__vArY_TrAiN_nUm_ckpts__varyTrainNum___641allenai__ai2_arckd332164256___finally___allenai__ai2_arc_qa_infer_resjson": [
        0.2709030100334448,
        0.10986460348162477,
        0.19617098531110747,
        0.0997651663405088
    ],
    "allenai/ai2_arc-----__vArY_TrAiN_nUm_ckpts__varyTrainNum___642allenai__ai2_arckd332164256___finally___allenai__ai2_arc_qa_infer_resjson": [
        0.26755852842809363,
        0.09879984514130855,
        0.1934312592837102,
        0.09408042188529994
    ],
    "allenai/ai2_arc-----__vArY_TrAiN_nUm_ckpts__varyTrainNum___643allenai__ai2_arckd332164256___finally___allenai__ai2_arc_qa_infer_resjson": [
        0.26755852842809363,
        0.0883855981416957,
        0.19310117181052977,
        0.09046869654464593
    ],
    "allenai/ai2_arc-----google__gemma-2b__1_allenai__ai2_arc_qa_infer_resjson": [
        0.2408026755852843,
        0.20030841268769276,
        0.18170487534965996,
        0.14909004714000335
    ],
    "allenai/ai2_arc-----google__gemma-2b__2_allenai__ai2_arc_qa_infer_resjson": [
        0.2408026755852843,
        0.20030841268769276,
        0.18170487534965996,
        0.14909004714000335
    ],
    "allenai/ai2_arc-----google__gemma-2b__3_allenai__ai2_arc_qa_infer_resjson": [
        0.2408026755852843,
        0.20030841268769276,
        0.18170487534965996,
        0.14909004714000335
    ]
}