{
    "cola": {
        "cola-----./GLUE_ckpts/colaComplex-lord256100___period2": [
            0.65,
            0.6770833333333334,
            0.9420289855072463,
            0.7878787878787878
        ],
        "cola-----./GLUE_ckpts/colavanilla256100___finally": [
            0.37,
            0.75,
            0.13043478260869565,
            0.2222222222222222
        ],
        "cola-----./GLUE_ckpts/colakd256100___finally": [
            0.65,
            0.6808510638297872,
            0.927536231884058,
            0.7852760736196319
        ],
        "cola-----./GLUE_ckpts/colablack--Complex-lord256100___period2": [
            0.44,
            0.6274509803921569,
            0.463768115942029,
            0.5333333333333333
        ]
    },
    "mrpc": {
        "mrpc-----./GLUE_ckpts/mrpcComplex-lord256100___period2": [
            0.63,
            0.75,
            0.6956521739130435,
            0.7218045112781954
        ],
        "mrpc-----./GLUE_ckpts/mrpcvanilla256100___finally": [
            0.34,
            0.8,
            0.057971014492753624,
            0.10810810810810811
        ],
        "mrpc-----./GLUE_ckpts/mrpckd256100___finally": [
            0.6,
            0.7101449275362319,
            0.7101449275362319,
            0.7101449275362319
        ],
        "mrpc-----./GLUE_ckpts/mrpcblack--Complex-lord256100___period2": [
            0.58,
            0.7014925373134329,
            0.6811594202898551,
            0.6911764705882353
        ]
    },
    "qnli": {
        "qnli-----./GLUE_ckpts/qnliComplex-lord256100___period2": [
            0.55,
            0.5806451612903226,
            0.6545454545454545,
            0.6153846153846154
        ],
        "qnli-----./GLUE_ckpts/qnlivanilla256100___finally": [
            0.45,
            0.5,
            0.12727272727272726,
            0.2028985507246377
        ],
        "qnli-----./GLUE_ckpts/qnlikd256100___finally": [
            0.44,
            0.45454545454545453,
            0.09090909090909091,
            0.15151515151515152
        ],
        "qnli-----./GLUE_ckpts/qnliblack--Complex-lord256100___period2": [
            0.45,
            0.0,
            0.0,
            0.0
        ]
    },
    "qqp": {
        "qqp-----./GLUE_ckpts/qqpComplex-lord256100___period2": [
            0.69,
            0.4,
            0.06666666666666667,
            0.11428571428571428
        ],
        "qqp-----./GLUE_ckpts/qqpvanilla256100___finally": [
            0.45,
            0.3076923076923077,
            0.6666666666666666,
            0.42105263157894735
        ],
        "qqp-----./GLUE_ckpts/qqpkd256100___finally": [
            0.3,
            0.3,
            1.0,
            0.46153846153846156
        ],
        "qqp-----./GLUE_ckpts/qqpblack--Complex-lord256100___period2": [
            0.44,
            0.3194444444444444,
            0.7666666666666667,
            0.45098039215686275
        ]
    },
    "rte": {
        "rte-----./GLUE_ckpts/rteComplex-lord256100___period2": [
            0.44,
            0.45,
            0.75,
            0.5625
        ],
        "rte-----./GLUE_ckpts/rtevanilla256100___finally": [
            0.52,
            0.5,
            0.020833333333333332,
            0.04
        ],
        "rte-----./GLUE_ckpts/rtekd256100___finally": [
            0.48,
            0.48,
            1.0,
            0.6486486486486487
        ],
        "rte-----./GLUE_ckpts/rteblack--Complex-lord256100___period2": [
            0.46,
            0.46875,
            0.9375,
            0.625
        ]
    },
    "sst2": {
        "sst2-----./GLUE_ckpts/sst2Complex-lord256100___period2": [
            0.67,
            0.6829268292682927,
            0.5833333333333334,
            0.6292134831460674
        ],
        "sst2-----./GLUE_ckpts/sst2vanilla256100___finally": [
            0.78,
            0.90625,
            0.6041666666666666,
            0.725
        ],
        "sst2-----./GLUE_ckpts/sst2kd256100___finally": [
            0.75,
            0.7017543859649122,
            0.8333333333333334,
            0.7619047619047619
        ],
        "sst2-----./GLUE_ckpts/sst2black--Complex-lord256100___period2": [
            0.63,
            1.0,
            0.22916666666666666,
            0.3728813559322034
        ]
    },
    "wnli": {
        "wnli-----./GLUE_ckpts/wnliComplex-lord256100___period2": [
            0.43661971830985913,
            0.43661971830985913,
            1.0,
            0.6078431372549019
        ],
        "wnli-----./GLUE_ckpts/wnlivanilla256100___finally": [
            0.43661971830985913,
            0.41509433962264153,
            0.7096774193548387,
            0.5238095238095238
        ],
        "wnli-----./GLUE_ckpts/wnlikd256100___finally": [
            0.5633802816901409,
            0.0,
            0.0,
            0.0
        ],
        "wnli-----./GLUE_ckpts/wnliblack--Complex-lord256100___period2": [
            0.4084507042253521,
            0.2962962962962963,
            0.25806451612903225,
            0.27586206896551724
        ]
    }
}
