{
    "cola": {
        "cola-----./GLUE_ckpts/colavanilla256100__1___finally": [
            0.42,
            0.7391304347826086,
            0.2463768115942029,
            0.3695652173913043
        ],
        "cola-----./GLUE_ckpts/colavanilla256100__2___finally": [
            0.33,
            1.0,
            0.028985507246376812,
            0.056338028169014086
        ],
        "cola-----./GLUE_ckpts/colavanilla256100__3___finally": [
            0.43,
            0.7727272727272727,
            0.2463768115942029,
            0.37362637362637363
        ],
        "cola-----./GLUE_ckpts/colavanilla256100__4___finally": [
            0.31,
            0.0,
            0.0,
            0.0
        ],
        "cola-----./GLUE_ckpts/colavanilla256100__5___finally": [
            0.64,
            0.7894736842105263,
            0.6521739130434783,
            0.7142857142857143
        ],
        "cola-----./GLUE_ckpts/colakd256100__1___finally": [
            0.68,
            0.6868686868686869,
            0.9855072463768116,
            0.8095238095238095
        ],
        "cola-----./GLUE_ckpts/colakd256100__2___finally": [
            0.69,
            0.7065217391304348,
            0.9420289855072463,
            0.8074534161490683
        ],
        "cola-----./GLUE_ckpts/colakd256100__3___finally": [
            0.71,
            0.7083333333333334,
            0.9855072463768116,
            0.8242424242424242
        ],
        "cola-----./GLUE_ckpts/colakd256100__4___finally": [
            0.69,
            0.7065217391304348,
            0.9420289855072463,
            0.8074534161490683
        ],
        "cola-----./GLUE_ckpts/colakd256100__5___finally": [
            0.68,
            0.6868686868686869,
            0.9855072463768116,
            0.8095238095238095
        ]
    },
    "mrpc": {
        "mrpc-----./GLUE_ckpts/mrpcvanilla256100__1___finally": [
            0.69,
            0.69,
            1.0,
            0.8165680473372781
        ],
        "mrpc-----./GLUE_ckpts/mrpcvanilla256100__2___finally": [
            0.66,
            0.6804123711340206,
            0.9565217391304348,
            0.7951807228915663
        ],
        "mrpc-----./GLUE_ckpts/mrpcvanilla256100__3___finally": [
            0.54,
            0.7017543859649122,
            0.5797101449275363,
            0.6349206349206349
        ],
        "mrpc-----./GLUE_ckpts/mrpcvanilla256100__4___finally": [
            0.69,
            0.7021276595744681,
            0.9565217391304348,
            0.8098159509202454
        ],
        "mrpc-----./GLUE_ckpts/mrpcvanilla256100__5___finally": [
            0.7,
            0.7191011235955056,
            0.927536231884058,
            0.810126582278481
        ],
        "mrpc-----./GLUE_ckpts/mrpckd256100__1___finally": [
            0.68,
            0.6868686868686869,
            0.9855072463768116,
            0.8095238095238095
        ],
        "mrpc-----./GLUE_ckpts/mrpckd256100__2___finally": [
            0.38,
            0.7692307692307693,
            0.14492753623188406,
            0.24390243902439024
        ],
        "mrpc-----./GLUE_ckpts/mrpckd256100__3___finally": [
            0.68,
            0.6947368421052632,
            0.9565217391304348,
            0.8048780487804879
        ],
        "mrpc-----./GLUE_ckpts/mrpckd256100__4___finally": [
            0.64,
            0.6774193548387096,
            0.9130434782608695,
            0.7777777777777778
        ],
        "mrpc-----./GLUE_ckpts/mrpckd256100__5___finally": [
            0.32,
            1.0,
            0.014492753623188406,
            0.02857142857142857
        ]
    },
    "qnli": {
        "qnli-----./GLUE_ckpts/qnlivanilla256100__1___finally": [
            0.45,
            0.5,
            0.43636363636363634,
            0.46601941747572817
        ],
        "qnli-----./GLUE_ckpts/qnlivanilla256100__2___finally": [
            0.53,
            0.5487804878048781,
            0.8181818181818182,
            0.656934306569343
        ],
        "qnli-----./GLUE_ckpts/qnlivanilla256100__3___finally": [
            0.42,
            0.36363636363636365,
            0.07272727272727272,
            0.12121212121212122
        ],
        "qnli-----./GLUE_ckpts/qnlivanilla256100__4___finally": [
            0.53,
            0.5571428571428572,
            0.7090909090909091,
            0.624
        ],
        "qnli-----./GLUE_ckpts/qnlivanilla256100__5___finally": [
            0.5,
            0.7777777777777778,
            0.12727272727272726,
            0.21875
        ],
        "qnli-----./GLUE_ckpts/qnlikd256100__1___finally": [
            0.53,
            0.5476190476190477,
            0.8363636363636363,
            0.6618705035971223
        ],
        "qnli-----./GLUE_ckpts/qnlikd256100__2___finally": [
            0.55,
            0.55,
            1.0,
            0.7096774193548387
        ],
        "qnli-----./GLUE_ckpts/qnlikd256100__3___finally": [
            0.49,
            0.5555555555555556,
            0.36363636363636365,
            0.43956043956043955
        ],
        "qnli-----./GLUE_ckpts/qnlikd256100__4___finally": [
            0.55,
            0.55,
            1.0,
            0.7096774193548387
        ],
        "qnli-----./GLUE_ckpts/qnlikd256100__5___finally": [
            0.5,
            0.7777777777777778,
            0.12727272727272726,
            0.21875
        ]
    },
    "qqp": {
        "qqp-----./GLUE_ckpts/qqpvanilla256100__1___finally": [
            0.38,
            0.3,
            0.8,
            0.43636363636363634
        ],
        "qqp-----./GLUE_ckpts/qqpvanilla256100__2___finally": [
            0.33,
            0.2967032967032967,
            0.9,
            0.4462809917355372
        ],
        "qqp-----./GLUE_ckpts/qqpvanilla256100__3___finally": [
            0.34,
            0.3125,
            1.0,
            0.47619047619047616
        ],
        "qqp-----./GLUE_ckpts/qqpvanilla256100__4___finally": [
            0.45,
            0.33766233766233766,
            0.8666666666666667,
            0.48598130841121495
        ],
        "qqp-----./GLUE_ckpts/qqpvanilla256100__5___finally": [
            0.35,
            0.29411764705882354,
            0.8333333333333334,
            0.43478260869565216
        ],
        "qqp-----./GLUE_ckpts/qqpkd256100__1___finally": [
            0.46,
            0.32857142857142857,
            0.7666666666666667,
            0.46
        ],
        "qqp-----./GLUE_ckpts/qqpkd256100__2___finally": [
            0.7,
            0.0,
            0.0,
            0.0
        ],
        "qqp-----./GLUE_ckpts/qqpkd256100__3___finally": [
            0.66,
            0.3888888888888889,
            0.23333333333333334,
            0.2916666666666667
        ],
        "qqp-----./GLUE_ckpts/qqpkd256100__4___finally": [
            0.7,
            0.0,
            0.0,
            0.0
        ],
        "qqp-----./GLUE_ckpts/qqpkd256100__5___finally": [
            0.69,
            0.0,
            0.0,
            0.0
        ]
    },
    "rte": {
        "rte-----./GLUE_ckpts/rtevanilla256100__1___finally": [
            0.46,
            0.38461538461538464,
            0.20833333333333334,
            0.2702702702702703
        ],
        "rte-----./GLUE_ckpts/rtevanilla256100__2___finally": [
            0.48,
            0.4090909090909091,
            0.1875,
            0.2571428571428571
        ],
        "rte-----./GLUE_ckpts/rtevanilla256100__3___finally": [
            0.51,
            0.0,
            0.0,
            0.0
        ],
        "rte-----./GLUE_ckpts/rtevanilla256100__4___finally": [
            0.47,
            0.35294117647058826,
            0.125,
            0.18461538461538463
        ],