{
    "cola": {
        "cola-----./GLUE_ckpts/colaComplex-lord256100___period2": [
            0.65,
            0.6770833333333334,
            0.9420289855072463,
            0.7878787878787878
        ],
        "cola-----./GLUE_ckpts/colavanilla256100___finally": [
            0.37,
            0.75,
            0.13043478260869565,
            0.2222222222222222
        ],
        "cola-----./GLUE_ckpts/colakd256100___finally": [
            0.42,
            0.7037037037037037,
            0.2753623188405797,
            0.3958333333333333
        ]
    },
    "mrpc": {
        "mrpc-----./GLUE_ckpts/mrpcComplex-lord256100___period2": [
            0.63,
            0.75,
            0.6956521739130435,
            0.7218045112781954
        ],
        "mrpc-----./GLUE_ckpts/mrpcvanilla256100___finally": [
            0.34,
            0.8,
            0.057971014492753624,
            0.10810810810810811
        ],
        "mrpc-----./GLUE_ckpts/mrpckd256100___finally": [
            0.69,
            0.69,
            1.0,
            0.8165680473372781
        ]
    },
    "qnli": {
        "qnli-----./GLUE_ckpts/qnliComplex-lord256100___period2": [
            0.55,
            0.5806451612903226,
            0.6545454545454545,
            0.6153846153846154
        ],
        "qnli-----./GLUE_ckpts/qnlivanilla256100___finally": [
            0.45,
            0.5,
            0.12727272727272726,
            0.2028985507246377
        ],
        "qnli-----./GLUE_ckpts/qnlikd256100___finally": [
            0.44,
            0.0,
            0.0,
            0.0
        ]
    },
    "qqp": {
        "qqp-----./GLUE_ckpts/qqpComplex-lord256100___period2": [
            0.69,
            0.4,
            0.06666666666666667,
            0.11428571428571428
        ],
        "qqp-----./GLUE_ckpts/qqpvanilla256100___finally": [
            0.45,
            0.3076923076923077,
            0.6666666666666666,
            0.42105263157894735
        ],
        "qqp-----./GLUE_ckpts/qqpkd256100___finally": [
            0.3,
            0.3,
            1.0,
            0.46153846153846156
        ]
    },
    "rte": {
        "rte-----./GLUE_ckpts/rteComplex-lord256100___period2": [
            0.44,
            0.45,
            0.75,
            0.5625
        ],
        "rte-----./GLUE_ckpts/rtevanilla256100___finally": [
            0.52,
            0.5,
            0.020833333333333332,
            0.04
        ],
        "rte-----./GLUE_ckpts/rtekd256100___finally": [
            0.52,
            0.0,
            0.0,
            0.0
        ]
    },
    "sst2": {
        "sst2-----./GLUE_ckpts/sst2Complex-lord256100___period2": [
            0.67,
            0.6829268292682927,
            0.5833333333333334,
            0.6292134831460674
        ],
        "sst2-----./GLUE_ckpts/sst2vanilla256100___finally": [
            0.78,
            0.90625,
            0.6041666666666666,
            0.725
        ],
        "sst2-----./GLUE_ckpts/sst2kd256100___finally": [
            0.52,
            0.0,
            0.0,
            0.0
        ]
    },
    "wnli": {
        "wnli-----./GLUE_ckpts/wnliComplex-lord256100___period2": [
            0.43661971830985913,
            0.43661971830985913,
            1.0,
            0.6078431372549019
        ],
        "wnli-----./GLUE_ckpts/wnlivanilla256100___finally": [
            0.43661971830985913,
            0.41509433962264153,
            0.7096774193548387,
            0.5238095238095238
        ],
        "wnli-----./GLUE_ckpts/wnlikd256100___finally": [
            0.43661971830985913,
            0.43661971830985913,
            1.0,
            0.6078431372549019
        ]
    }
}